,MSE,R2
Linear Regression,16.587981140277076,0.9311750504698805
Random Forest,20.606683096527778,0.9145011130584152
